{
  "cv_accuracy": 0.930824008138352,
  "cv_f1_macro": 0.9548703472486112,
  "cv_f1_weighted": 0.9307548194921472,
  "per_class_f1": {
    "The High-Cadence Daily Spender": 0.9279,
    "The Moderate-Frequency Everyday Transactor": 0.9194,
    "The Occasional Light Transactor": 1.0,
    "The Slightly More Active Low-Value User": 1.0,
    "The Ultra-High-Frequency Micro-Transactor": 0.927
  },
  "top20_features": {
    "pct_night_12m": 0.038643,
    "pct_event_grocery_net_12m": 0.038368,
    "peak_hour_12m": 0.031891,
    "total_txn_count": 0.02916,
    "total_txn_count_12m": 0.028185,
    "age": 0.028167,
    "pct_midday_12m": 0.024947,
    "pct_evening_12m": 0.024401,
    "pct_morning_6m": 0.022853,
    "avg_days_between_txn_12m": 0.022784,
    "n_unique_merchants_12m": 0.022325,
    "pct_night_6m": 0.020401,
    "pct_morning_12m": 0.019336,
    "avg_days_between_txn_6m": 0.017195,
    "pct_evening_6m": 0.016471,
    "avg_days_between_txn": 0.01608,
    "n_unique_merchants_6m": 0.016048,
    "total_txn_count_6m": 0.01533,
    "freq_misc_pos_12m": 0.015222,
    "amt_grocery_net_12m": 0.011922
  },
  "reasoning": "CV macro-F1 0.955 \u2265 threshold 0.7."
}