{
  "cv_accuracy": 0.692,
  "cv_f1_macro": 0.6916495805002028,
  "cv_f1_weighted": 0.6914833967011739,
  "per_class_f1": {
    "Topic cluster 0": 0.7089,
    "Topic cluster 1": 0.6296,
    "Topic cluster 2": 0.6804,
    "Topic cluster 3": 0.7654,
    "Topic cluster 4": 0.6739
  },
  "top20_features": {
    "emb_1": 0.086243,
    "emb_2": 0.060616,
    "emb_3": 0.055808,
    "emb_4": 0.046349,
    "emb_12": 0.01646,
    "emb_7": 0.016102,
    "emb_6": 0.015018,
    "emb_8": 0.014563,
    "emb_27": 0.014238,
    "emb_9": 0.012969,
    "emb_15": 0.012894,
    "emb_22": 0.012594,
    "emb_35": 0.012366,
    "emb_5": 0.012299,
    "emb_33": 0.011597,
    "emb_26": 0.011588,
    "emb_29": 0.01122,
    "emb_36": 0.010553,
    "emb_11": 0.010367,
    "emb_93": 0.010196
  },
  "reasoning": "CV macro-F1 0.692 \u2265 threshold 0.6."
}